[1,["b8C1dDgPlAtq3ODMuKuaGJ"],0,[["sp.SkeletonData",["_name","_atlasText","textureNames","_skeletonJson","textures"],-1,3]],[[0,0,1,2,3,4,5]],[[0,"light","\r\nlight.png\r\nsize: 533,422\r\nformat: RGBA8888\r\nfilter: Linear,Linear\r\nrepeat: none\r\nas1\r\n  rotate: false\r\n  xy: 333, 17\r\n  size: 95, 404\r\n  orig: 114, 481\r\n  offset: 13, 8\r\n  index: -1\r\nas3\r\n  rotate: false\r\n  xy: 191, 17\r\n  size: 140, 404\r\n  orig: 153, 437\r\n  offset: 2, 0\r\n  index: -1\r\nas4\r\n  rotate: false\r\n  xy: 430, 121\r\n  size: 102, 300\r\n  orig: 115, 353\r\n  offset: 8, 0\r\n  index: -1\r\nas5\r\n  rotate: false\r\n  xy: 1, 1\r\n  size: 188, 420\r\n  orig: 201, 440\r\n  offset: 13, 11\r\n  index: -1\r\n",["light.png"],{"skeleton":{"hash":"k/uTwyVhqb0EA6BcGg5S5h0FU4M","spine":"3.8.99"},"bones":[{"name":"root"},{"name":"bone4","parent":"root"},{"name":"bone5","parent":"root"},{"name":"bone12","parent":"bone5","length":222.99,"rotation":111.44,"x":32.46,"y":-189.33},{"name":"bone6","parent":"root"},{"name":"bone7","parent":"root"},{"name":"bone11","parent":"bone4","length":235.15,"rotation":86.71,"x":12.01,"y":-189.33},{"name":"bone14","parent":"bone6","length":236.66,"rotation":84.69,"x":-12.28,"y":-129.51},{"name":"bone15","parent":"bone7","length":245.54,"rotation":72.1,"x":-55.54,"y":-192.47}],"slots":[{"name":"as1","bone":"bone11","blend":"additive"},{"name":"as3","bone":"bone12","blend":"additive"},{"name":"as4","bone":"bone14","blend":"additive"},{"name":"as5","bone":"bone15","blend":"additive"}],"skins":[{"name":"default","attachments":{"as1":{"as1":{"x":189.83,"y":12.01,"rotation":-90,"width":114,"height":481}},"as3":{"as3":{"x":192.5,"y":-0.41,"rotation":-99.68,"width":153,"height":437}},"as4":{"as4":{"x":130.64,"y":-0.68,"rotation":-84.69,"width":115,"height":353}},"as5":{"as5":{"x":200.38,"y":5.82,"rotation":-72.1,"width":201,"height":440}}}}],"animations":{"Appear":{"slots":{"as1":{"color":[{"color":"ffffff00","curve":0.25,"c3":0.75},{"time":0.6667,"color":"ffffffff"}],"attachment":[{"name":"as1"},{"time":0.6667,"name":"as1"}]},"as3":{"color":[{"color":"ffffff00","curve":0.25,"c3":0.75},{"time":0.6666999999999998,"color":"ffffffff"}],"attachment":[{"name":"as3"},{"time":0.6666999999999998,"name":"as3"}]},"as4":{"color":[{"color":"ffffff00","curve":0.25,"c3":0.75},{"time":0.6667,"color":"ffffffff"}],"attachment":[{"name":"as4"},{"time":0.6667,"name":"as4"}]},"as5":{"color":[{"color":"ffffff00","curve":0.25,"c3":0.75},{"time":0.6667,"color":"ffffffff"}],"attachment":[{"name":"as5"},{"time":0.6667,"name":"as5"}]}},"bones":{"bone11":{"rotate":[{"angle":3.29,"curve":"stepped"},{"time":0.6666999999999998,"angle":3.29}],"translate":[{"x":351.02,"y":20.45,"curve":"stepped"},{"time":0.6667,"x":351.02,"y":20.45}],"scale":[{"x":0.14200000000000002,"curve":0.25,"c3":0.75},{"time":0.6667000000000001}]},"bone12":{"rotate":[{"curve":"stepped"},{"time":0.6666999999999998}],"translate":[{"x":-224.5,"y":17.81,"curve":"stepped"},{"time":0.6667000000000001,"x":-224.5,"y":17.81}],"scale":[{"x":0.142,"curve":0.25,"c3":0.75},{"time":0.6667}]},"bone14":{"rotate":[{"curve":"stepped"},{"time":0.6667}],"translate":[{"x":-374.84,"y":-97.36,"curve":"stepped"},{"time":0.6667,"x":-374.84,"y":-97.36}],"scale":[{"x":0.142,"curve":0.25,"c3":0.75},{"time":0.6667}]},"bone15":{"rotate":[{"curve":"stepped"},{"time":0.6666999999999998}],"translate":[{"x":216.63,"y":-48.68,"curve":"stepped"},{"time":0.6667,"x":216.63,"y":-48.68}],"scale":[{"x":0.11399999999999999,"y":0.8},{"time":0.6667,"x":0.8,"y":0.8}]}}},"disappear":{"slots":{"as1":{"color":[{"color":"ffffffff","curve":0.25,"c3":0.75},{"time":0.5,"color":"ffffff00"}],"attachment":[{"name":"as1"}]},"as3":{"color":[{"color":"ffffffff","curve":0.25,"c3":0.75},{"time":0.5,"color":"ffffff00"}],"attachment":[{"name":"as3"}]},"as4":{"color":[{"color":"ffffffff","curve":0.25,"c3":0.75},{"time":0.5,"color":"ffffff00"}],"attachment":[{"name":"as4"}]},"as5":{"color":[{"color":"ffffffff","curve":0.25,"c3":0.75},{"time":0.49999999999999994,"color":"ffffff00"}],"attachment":[{"name":"as5"}]}},"bones":{"bone11":{"rotate":[{"angle":3.29}],"translate":[{"x":351.02,"y":20.45}],"scale":[{"curve":0.25,"c3":0.75},{"time":0.5,"x":0.21599999999999997,"y":0.454}]},"bone12":{"rotate":[{}],"translate":[{"x":-224.5,"y":17.81}],"scale":[{"curve":0.25,"c3":0.75},{"time":0.5,"x":0.17500000000000004,"y":0.333}]},"bone14":{"rotate":[{}],"translate":[{"x":-374.84,"y":-97.36}],"scale":[{"curve":0.25,"c3":0.75},{"time":0.5,"x":0.14700000000000002,"y":0.528}]},"bone15":{"rotate":[{}],"translate":[{"x":216.63,"y":-48.68}],"scale":[{"x":0.8,"y":0.8000000000000002},{"time":0.5,"x":0.2919999999999999,"y":0.397}]}}},"loop":{"slots":{"as1":{"attachment":[{"name":"as1"}]},"as3":{"attachment":[{"name":"as3"}]},"as4":{"attachment":[{"name":"as4"}]},"as5":{"attachment":[{"name":"as5"}]}},"bones":{"bone11":{"rotate":[{"angle":3.29},{"time":0.5,"angle":60.87},{"time":1,"angle":3.29},{"time":1.5,"angle":-55.43},{"time":1.9999999999999998,"angle":3.29},{"time":2.5,"angle":60.87},{"time":3,"angle":3.29},{"time":3.5,"angle":-55.43},{"time":3.9999999999999996,"angle":3.29}],"translate":[{"x":351.02,"y":20.45}]},"bone12":{"rotate":[{},{"time":0.5,"angle":-71.48},{"time":1},{"time":1.5,"angle":44.51},{"time":2},{"time":2.5,"angle":-71.48},{"time":3},{"time":3.5,"angle":44.51},{"time":4}],"translate":[{"x":-224.5,"y":17.81}]},"bone14":{"rotate":[{},{"time":0.5,"angle":49.6},{"time":1},{"time":1.5,"angle":-37.8},{"time":2},{"time":2.5,"angle":49.6},{"time":3},{"time":3.5,"angle":-42.67},{"time":4}],"translate":[{"x":-374.84,"y":-97.36}]},"bone15":{"rotate":[{},{"time":0.5,"angle":-39.61},{"time":1},{"time":1.5,"angle":77.59},{"time":2},{"time":2.5,"angle":-40.2},{"time":3},{"time":3.5,"angle":65.77},{"time":4}],"translate":[{"x":216.63,"y":-48.68}],"scale":[{"x":0.8,"y":0.8}]}}}}},[0]]],0,0,[0],[-1],[0]]